competition,bets_placed,total_stake,total_return,pnl,roi,win_rate,average_odds
欧罗巴,14,140.0,166.3,26.30000000000001,0.18785714285714294,0.5714285714285714,2.077142857142857
